,Hardness,allelectrons_Total,density_Total,allelectrons_Average,val_e_Average,atomicweight_Average,ionenergy_Average,el_neg_chi_Average,R_vdw_element_Average,R_cov_element_Average,zaratio_Average,density_Average
0,2.3,110.00000,23.00000,36.66667,2.66667,82.59847,8.50413,2.14667,2.00667,1.25333,0.45680,7.66667
1,5.5,406.00000,30.47214,9.90244,4.68293,19.81318,11.45615,2.70024,1.67683,0.86829,0.52291,0.74322
2,5.5,406.00000,30.47246,10.41026,4.92308,20.93137,11.54141,2.75359,1.70385,0.89436,0.49750,0.78135
3,5.5,476.00000,61.14214,11.60976,4.68293,23.65964,11.48740,2.76366,1.71463,0.84878,0.51947,1.49127
4,5.5,476.00000,61.14246,12.20513,4.92308,24.97509,11.57425,2.82026,1.74359,0.87385,0.49389,1.56776
5,6,113.00000,13.51299,11.30000,4.70000,23.09969,11.10535,2.72000,1.76300,0.89600,0.49411,1.35130
6,5.5,136.00000,9.50932,11.33333,4.66667,22.71843,10.95856,2.59917,1.76583,0.97000,0.49907,0.79244
7,3.8,41.00000,9.44000,20.50000,4.00000,43.49852,8.89700,2.06500,1.92500,1.16500,0.47702,4.72000
8,6.3,130.00000,10.67066,10.00000,4.92308,20.17043,11.11729,2.75077,1.73615,0.87538,0.49661,0.82082
9,5.8,226.00000,20.68040,10.76190,4.76190,21.72523,11.48588,2.76476,1.69810,0.85810,0.52063,0.98478
10,5.8,236.00000,32.46040,11.23810,4.76190,23.14047,11.61167,2.81714,1.67333,0.81524,0.51644,1.54573
11,5.8,302.00000,30.89440,14.38095,4.76190,31.25266,11.43116,2.77619,1.70857,0.86762,0.51253,1.47116
12,5.8,300.00000,29.88840,14.28571,4.76190,31.13737,11.43480,2.77429,1.70952,0.87714,0.51219,1.42326
13,5.8,264.00000,26.51840,12.57143,4.76190,26.37550,11.49579,2.78571,1.69905,0.86000,0.51488,1.26278
14,5.8,366.00000,41.02040,17.42857,4.76190,40.00710,11.50430,2.79333,1.71143,0.87333,0.51004,1.95335
15,5.8,239.00000,25.85540,11.38095,4.71429,23.09968,11.57714,2.77524,1.70762,0.85810,0.51986,1.23121
16,5.8,249.00000,37.63540,11.85714,4.71429,24.51492,11.70293,2.82762,1.68286,0.81524,0.51567,1.79216
17,5.8,315.00000,36.06940,15.00000,4.71429,32.62711,11.52243,2.78667,1.71810,0.86762,0.51175,1.71759
18,5.8,313.00000,35.06340,14.90476,4.71429,32.51182,11.52607,2.78476,1.71905,0.87714,0.51141,1.66969
19,5.8,277.00000,31.69340,13.19048,4.71429,27.74995,11.58706,2.79619,1.70857,0.86000,0.51411,1.50921
20,5.8,379.00000,46.19540,18.04762,4.71429,41.38155,11.59557,2.80381,1.72095,0.87333,0.50927,2.19978
21,5.8,222.00000,17.34640,10.57143,4.76190,21.34532,11.43472,2.75095,1.70143,0.86952,0.52034,0.82602
22,5.8,232.00000,29.12640,11.04762,4.76190,22.76056,11.56051,2.80333,1.67667,0.82667,0.51615,1.38697
23,5.8,298.00000,27.56040,14.19048,4.76190,30.87275,11.38000,2.76238,1.71190,0.87905,0.51224,1.31240
24,5.8,296.00000,26.55440,14.09524,4.76190,30.75746,11.38364,2.76048,1.71286,0.88857,0.51190,1.26450
25,5.8,260.00000,23.18440,12.38095,4.76190,25.99559,11.44463,2.77190,1.70238,0.87143,0.51459,1.10402
26,5.8,362.00000,37.68640,17.23810,4.76190,39.62720,11.45315,2.77952,1.71476,0.88476,0.50975,1.79459
27,5.8,235.00000,22.52140,11.19048,4.71429,22.71977,11.52599,2.76143,1.71095,0.86952,0.51957,1.07245
28,5.8,245.00000,34.30140,11.66667,4.71429,24.13502,11.65178,2.81381,1.68619,0.82667,0.51538,1.63340
29,5.8,311.00000,32.73540,14.80952,4.71429,32.24720,11.47127,2.77286,1.72143,0.87905,0.51146,1.55883
30,5.8,309.00000,31.72940,14.71429,4.71429,32.13191,11.47491,2.77095,1.72238,0.88857,0.51112,1.51092
31,5.8,273.00000,28.35940,13.00000,4.71429,27.37004,11.53590,2.78238,1.71190,0.87143,0.51382,1.35045
32,5.8,375.00000,42.86140,17.85714,4.71429,41.00165,11.54441,2.79000,1.72429,0.88476,0.50898,2.04102
33,3.5,84.00000,12.42100,42.00000,5.00000,98.34080,9.19850,2.03000,1.95500,1.30000,0.42968,6.21050
34,6.8,242.00000,36.02598,12.10000,4.80000,24.88692,11.17756,2.78450,1.71700,0.86500,0.49280,1.80130
35,3,134.00000,17.59000,67.00000,5.00000,167.40000,8.21315,1.95000,2.04000,1.41000,0.40164,8.79500
36,1.5,180.00000,7.41949,5.00000,3.33333,9.55968,13.09373,2.69444,1.33556,0.52444,0.74503,0.20610
37,3.8,208.00000,12.97815,8.00000,4.30769,15.93055,12.12546,2.77577,1.52885,0.71846,0.61086,0.49916
38,1.8,15300.00000,643.09380,9.59248,5.98997,19.19593,12.95893,3.26469,1.57570,0.72010,0.50040,0.40319
39,5.8,72.00000,5.43991,9.00000,5.00000,18.48598,11.71993,2.81500,1.62625,0.84875,0.48401,0.67999
40,5.8,72.00000,5.43974,8.00000,4.44444,16.21070,11.50590,2.68667,1.57333,0.79444,0.54339,0.60442
41,5.8,80.00000,5.87691,10.00000,5.00000,20.49245,11.68835,2.80875,1.68250,0.88625,0.48980,0.73461
42,5.8,80.00000,5.87674,8.88889,4.44444,17.99423,11.47783,2.68111,1.62333,0.82778,0.54853,0.65297
43,5.5,110.00000,8.33949,8.46154,4.30769,16.93448,11.53475,2.67846,1.62692,0.78769,0.57243,0.64150
44,5.8,38.00000,4.54266,12.66667,4.66667,26.62169,11.35477,2.80667,1.71667,0.92000,0.48651,1.51422
45,7.5,80.00000,7.73466,10.00000,5.00000,20.25528,11.02673,2.79000,1.67250,0.85250,0.49528,0.96683
46,6.3,268.00000,22.28931,10.30769,4.92308,20.78526,11.07145,2.74231,1.72769,0.88462,0.49676,0.85728
47,3.3,378.00000,53.92300,34.36364,5.09091,79.33656,9.36165,2.30545,1.91909,1.20455,0.46200,4.90209
48,6.8,250.00000,27.40398,12.50000,4.70000,25.40822,11.10084,2.68200,1.77750,0.94000,0.49619,1.37020
49,2.8,130.00000,13.35533,21.66667,5.66667,50.54252,12.04152,3.02333,1.65000,0.84167,0.48247,2.22589
50,3.5,68.00000,3.55533,11.33333,5.33333,22.68885,11.82427,2.89000,1.69833,0.89000,0.49968,0.59255
51,3.8,106.00000,12.83199,10.60000,4.80000,21.59364,11.82448,2.85700,1.68700,0.83200,0.49638,1.28320
52,3.8,92.00000,6.69799,9.20000,4.80000,18.43954,11.79886,2.80500,1.65600,0.84800,0.49920,0.66980
53,3.8,105.00000,12.39799,10.50000,4.80000,21.50294,11.77764,2.82900,1.68800,0.83700,0.49533,1.23980
54,6.3,138.00000,11.61866,10.61538,4.92308,21.40010,11.02562,2.73385,1.71923,0.89385,0.49691,0.89374
55,6,130.00000,10.67066,10.00000,4.92308,20.17043,11.11729,2.75077,1.73615,0.87538,0.49661,0.82082
56,6,138.00000,10.56166,10.61538,4.92308,21.40954,11.05588,2.74231,1.77308,0.90615,0.49718,0.81244
57,5.8,390.00000,30.85214,9.51220,4.68293,19.04372,11.53093,2.71537,1.64854,0.85171,0.52265,0.75249
58,5,250.00000,14.36740,11.36364,4.72727,22.83211,11.48454,2.65864,1.71864,0.93682,0.52002,0.65306
59,5,250.00000,14.36756,11.90476,4.95238,24.01419,11.56505,2.70619,1.74571,0.96429,0.49628,0.68417
60,5,258.00000,14.36898,12.28571,4.95238,24.79741,11.35290,2.66714,1.75905,0.98333,0.49656,0.68424
61,4.8,1894.00000,25.98214,8.41778,5.79556,16.83953,13.26582,3.32160,1.55618,0.68036,0.50414,0.11548
62,3.5,50.00000,3.25400,10.00000,4.80000,20.01694,11.64556,2.77400,1.71400,0.88200,0.49973,0.65080
64,2.3,110.00000,23.00000,36.66667,2.66667,82.59847,8.50413,2.14667,2.00667,1.25333,0.45680,7.66667
65,1.5,90.00000,11.46400,18.00000,5.60000,39.56806,12.08630,2.86800,1.65200,0.86400,0.47620,2.29280
66,5.8,75.00000,15.60400,25.00000,4.33333,54.27520,9.35033,2.14000,1.89667,1.16000,0.46833,5.20133
67,3.3,102.00000,17.92724,11.33333,3.33333,23.72873,12.22999,2.65333,1.50333,0.70222,0.65207,1.99192
68,4.8,100.00000,7.60758,7.69231,4.30769,15.38104,12.19848,2.77615,1.49385,0.69308,0.60957,0.58520
69,6,116.00000,7.76799,11.60000,4.80000,23.23182,11.02384,2.64400,1.79400,0.96000,0.49951,0.77680
70,6,100.00000,8.14799,10.00000,4.80000,20.07702,11.33044,2.70600,1.67800,0.89200,0.49845,0.81480
71,6,128.00000,20.41599,12.80000,4.80000,26.38522,11.38168,2.81000,1.74000,0.86000,0.49282,2.04160
72,6,120.00000,13.74799,12.00000,4.80000,24.78962,11.16682,2.75200,1.75400,0.90800,0.49160,1.37480
73,6,102.00000,10.06599,10.20000,5.00000,20.61253,10.99836,2.76600,1.70000,0.86000,0.49607,1.00660
74,6,114.00000,8.50599,11.40000,4.60000,23.01133,10.59066,2.58600,1.74200,0.98000,0.49618,0.85060
75,6,98.00000,8.88599,9.80000,4.60000,19.85653,10.89726,2.64800,1.62600,0.91200,0.49512,0.88860
76,6,126.00000,21.15399,12.60000,4.60000,26.16473,10.94850,2.75200,1.68800,0.88000,0.48949,2.11540
77,6,118.00000,14.48599,11.80000,4.60000,24.56913,10.73364,2.69400,1.70200,0.92800,0.48827,1.44860
78,6,100.00000,10.80399,10.00000,4.80000,20.39203,10.56518,2.70800,1.64800,0.88000,0.49274,1.08040
79,2.3,10116.00000,502.57571,9.54340,5.78113,19.37908,12.97660,3.18443,1.57710,0.73183,0.49762,0.47413
80,6.8,276.00000,21.75940,10.22222,4.74074,20.53079,11.21126,2.70741,1.71667,0.87630,0.51517,0.80590
81,6.8,291.00000,39.42940,10.77778,4.74074,22.18191,11.35801,2.76852,1.68778,0.82630,0.51028,1.46035
82,6.8,294.00000,40.73140,10.88889,4.74074,22.28268,11.41006,2.79963,1.68667,0.82074,0.51145,1.50857
83,3.8,165.00000,30.29082,11.00000,4.06667,22.97767,12.12276,2.84800,1.57600,0.72800,0.55684,2.01939
84,6.5,56.00000,6.50866,18.66667,4.66667,41.07402,11.29003,2.73667,1.75667,0.97333,0.47951,2.16955
85,3.3,104.00000,5.50533,17.33333,5.33333,38.89702,11.67402,2.87167,1.76000,0.94333,0.48447,0.91755
86,6.3,192.00000,15.04199,13.71429,5.00000,29.53123,11.36127,2.79214,1.76929,0.90857,0.49021,1.07443
87,6,118.00000,12.06416,6.94118,4.23529,14.01316,11.96199,2.67294,1.54118,0.74353,0.54451,0.70966
88,7.8,266.00000,24.94598,9.17241,4.96552,18.53401,11.51640,2.80172,1.66310,0.82103,0.49263,0.86021
89,5.8,107.00000,11.62433,10.70000,4.70000,21.98931,11.08810,2.50200,1.70800,0.95100,0.48595,1.16243
90,2.8,208.00000,15.78715,9.45455,4.36364,18.96581,11.28792,2.62455,1.66000,0.87182,0.54222,0.71760
91,2.8,208.00000,15.78748,10.40000,4.80000,21.06155,11.43734,2.72100,1.71100,0.92300,0.49460,0.78937
92,2.8,250.00000,34.18915,11.36364,4.36364,23.26686,11.32285,2.69545,1.70227,0.85000,0.53838,1.55405
93,2.8,250.00000,34.18948,12.50000,4.80000,25.79270,11.47577,2.79900,1.75750,0.89900,0.49038,1.70947
94,2,214.00000,25.49400,42.80000,5.60000,102.82756,9.13020,2.30800,1.90800,1.22400,0.45825,5.09880
95,6.3,74.00000,14.88400,14.80000,4.40000,31.57464,11.14446,2.68400,1.73200,0.90000,0.48204,2.97680
96,6.3,76.00000,15.75200,15.20000,4.40000,31.93742,11.33182,2.79600,1.72800,0.88000,0.48624,3.15040
97,2.8,1196.00000,51.81137,9.49206,5.80952,18.99699,12.81521,3.19976,1.58024,0.73238,0.50724,0.41120
98,3.8,30.00000,2.70175,7.50000,4.00000,14.99686,11.70510,2.67250,1.49500,0.71000,0.61849,0.67544
99,7.3,192.00000,21.83031,8.00000,4.66667,16.33281,11.29281,2.75375,1.67250,0.80833,0.48742,0.90960
100,2.3,198.00000,11.44632,4.60465,3.16279,8.86846,12.71967,2.61628,1.39674,0.55442,0.72441,0.26619
101,3,235.00000,60.67400,23.50000,3.10000,50.18110,8.79744,2.16500,1.90400,1.15000,0.47432,6.06740
102,2.8,790.00000,105.51400,39.50000,5.30000,93.78445,9.27386,2.27900,1.90700,1.21450,0.45715,5.27570
103,2.8,210.00000,33.00100,35.00000,4.66667,81.44717,9.13858,2.24833,1.90667,1.19833,0.46132,5.50017
105,6.3,74.00000,14.88400,14.80000,4.40000,31.57464,11.14446,2.68400,1.73200,0.90000,0.48204,2.97680
106,6.3,52.00000,4.66400,10.40000,5.20000,20.83302,11.43154,2.82400,1.75200,0.84000,0.49940,0.93280
107,5.8,60.00000,12.90200,20.00000,4.66667,40.93713,9.45330,2.35667,1.85667,1.08333,0.49167,4.30067
108,5.8,58.00000,11.87400,19.33333,4.66667,39.98767,9.54080,2.33000,1.88000,1.10667,0.48783,3.95800
109,5.5,79.00000,15.59300,39.50000,3.50000,90.22670,8.12415,1.98000,2.01500,1.28500,0.44799,7.79650
110,3.8,218.00000,37.85382,10.38095,3.61905,21.53716,12.33510,2.75143,1.49714,0.67810,0.63225,1.80256
111,2.5,82.00000,10.50707,41.00000,4.00000,93.88460,9.69500,2.44500,1.98000,1.26500,0.43688,5.25354
112,5.8,38.00000,4.54266,12.66667,4.66667,26.62169,11.35477,2.80667,1.71667,0.92000,0.48651,1.51422
113,2.5,30.00000,1.74283,6.00000,3.20000,11.66355,12.41584,2.51800,1.39400,0.66400,0.69560,0.34857
114,5.5,36.00000,8.90333,18.00000,4.00000,37.34622,10.62900,2.67500,1.74500,0.90500,0.48855,4.45167
115,3.5,392.00000,38.13423,6.42623,3.47541,12.71290,13.08058,2.72410,1.38197,0.55984,0.71480,0.62515
116,3,50.00000,3.25400,10.00000,4.80000,20.01694,11.64556,2.77400,1.71400,0.88200,0.49973,0.65080
117,2.8,696.00000,82.39847,18.31579,4.63158,42.45540,12.16966,2.85605,1.56947,0.76105,0.56161,2.16838
118,1.5,194.00000,27.10599,48.50000,4.50000,118.01900,11.70255,2.53000,1.99000,1.16000,0.43916,6.77650
119,5.5,501.00000,40.41246,9.27778,4.53704,18.76530,10.97550,2.66130,1.70833,0.87889,0.51324,0.74838
120,5.5,537.00000,41.01512,9.58929,4.66071,19.38256,11.03773,2.69018,1.70518,0.88071,0.51275,0.73241
121,5.5,475.00000,37.01046,9.89583,4.47917,20.08761,10.71632,2.58938,1.73396,0.91917,0.51406,0.77105
122,5.5,459.00000,37.00730,9.18000,4.30000,18.54654,10.85762,2.58500,1.69940,0.88080,0.53400,0.74015
123,5.5,564.00000,44.46546,10.44444,4.66667,20.98045,11.10178,2.67037,1.71352,0.89704,0.51591,0.82343
124,5.5,600.00000,45.06812,10.71429,4.78571,21.51859,11.15949,2.69893,1.71018,0.89821,0.51532,0.80479
125,5.5,538.00000,41.06346,11.20833,4.62500,22.57964,10.85837,2.59958,1.73979,0.93958,0.51706,0.85549
126,5.5,522.00000,41.06030,10.44000,4.44000,20.93889,10.99399,2.59480,1.70500,0.90040,0.53688,0.82121
127,5.5,557.00000,39.64946,10.31481,4.53704,20.85345,10.87201,2.64704,1.77056,0.93074,0.51421,0.73425
128,5.5,593.00000,40.25212,10.58929,4.66071,21.39613,10.93793,2.67643,1.76518,0.93071,0.51368,0.71879
129,5.5,531.00000,36.24746,11.06250,4.47917,22.43677,10.59988,2.57333,1.80396,0.97750,0.51515,0.75516
130,5.5,515.00000,36.24430,10.30000,4.30000,20.80173,10.74584,2.56960,1.76660,0.93680,0.53505,0.72489
131,10,6.00000,1.70000,6.00000,4.00000,12.00960,11.26030,2.55000,1.70000,0.75000,0.49954,1.70000
132,2.5,142.00000,2.61998,6.17391,3.13043,12.07950,12.85996,2.55000,1.39348,0.61217,0.75321,0.11391
133,1.5,394.00000,51.86448,14.59259,3.92593,33.41370,11.86754,2.70741,1.62444,0.81704,0.59633,1.92091
134,6.5,66.00000,7.31266,22.00000,5.33333,50.23602,11.52670,2.94667,1.73667,0.89333,0.47375,2.43755
135,3.3,86.00000,4.54533,14.33333,5.33333,30.61252,11.75455,2.88167,1.72833,0.91667,0.48879,0.75755
136,6.3,174.00000,13.56866,13.38462,4.92308,28.88079,10.95627,2.72538,1.74769,0.91846,0.48989,1.04374
137,2.5,64.00000,10.50300,32.00000,4.00000,71.65710,10.27190,2.54500,1.93000,1.18000,0.45761,5.25150
138,3.3,112.00000,13.05400,22.40000,5.20000,53.44134,11.90626,2.93400,1.65600,0.82400,0.47907,2.61080
139,4.5,134.00000,13.38733,22.33333,5.66667,51.25269,11.94820,2.97667,1.70000,0.89333,0.47298,2.23122
140,4.5,258.00000,16.29298,6.97297,3.89189,13.68794,12.40536,2.70649,1.48514,0.65243,0.65844,0.44035
141,2.5,127.00000,10.97283,6.04762,3.38095,11.88927,13.17301,2.73524,1.35429,0.53429,0.73222,0.52252
142,2.8,74.00000,19.92000,24.66667,2.66667,53.05033,8.60427,2.12667,1.90667,1.16000,0.47056,6.64000
143,3.8,87.00000,20.83400,21.75000,3.75000,45.87725,9.08720,2.22250,1.90000,1.13500,0.47997,5.20850
144,3.8,220.00000,12.97412,10.00000,5.09091,20.99414,13.07146,2.96364,1.70227,0.91455,0.47590,0.58973
145,2.5,560.00000,39.56929,7.77778,4.00000,15.39459,12.01103,2.63833,1.52611,0.75111,0.60816,0.54957
146,2.5,572.00000,51.07729,7.94444,4.16667,15.84085,11.73429,2.68833,1.54444,0.72444,0.60617,0.70941
147,2.5,728.00000,113.17729,10.11111,4.00000,20.65142,12.05373,2.72500,1.57778,0.72444,0.60346,1.57191
148,2.5,552.00000,42.52129,7.66667,3.88889,15.27209,11.77037,2.60611,1.49722,0.76222,0.60630,0.59057
149,2.5,564.00000,54.02929,7.83333,4.05556,15.71835,11.49364,2.65611,1.51556,0.73556,0.60432,0.75041
150,2.5,720.00000,116.12929,10.00000,3.88889,20.52893,11.81307,2.69278,1.54889,0.73556,0.60161,1.61291
151,6.5,222.00000,23.34898,8.88000,4.40000,17.91828,11.72784,2.76120,1.57120,0.74880,0.57434,0.93396
152,6.5,0.00000,0.00000,0.00000,0.00000,0.00000,0.00000,0.00000,0.00000,0.00000,0.00000,0.00000
153,5.5,106.00000,22.23933,15.14286,4.00000,31.97619,10.84397,2.70143,1.74857,0.91429,0.48411,3.17705
154,8.5,62.00000,7.25133,8.85714,4.57143,18.13877,10.82381,2.65000,1.61286,0.86143,0.48679,1.03590
155,2,87.00000,11.29700,7.90909,3.54545,15.96877,12.57838,2.70909,1.46000,0.62182,0.67486,1.02700
156,2.3,96.00000,15.55000,48.00000,4.00000,116.32550,10.39875,2.24000,2.01500,1.18000,0.44890,7.77500
157,2.5,90.00000,11.46400,18.00000,5.60000,39.56806,12.08630,2.86800,1.65200,0.86400,0.47620,2.29280
158,6,0.00000,0.00000,0.00000,0.00000,0.00000,0.00000,0.00000,0.00000,0.00000,0.00000,0.00000
159,6.5,226.00000,18.20440,10.27273,4.72727,20.65217,11.14875,2.70227,1.69545,0.87545,0.51961,0.82747
160,5.5,76.00000,16.63000,25.33333,4.33333,55.30460,9.34320,2.15667,1.88333,1.14000,0.46586,5.54333
161,4.5,208.00000,17.34215,6.11765,3.76471,12.08985,12.23200,2.68471,1.51353,0.64588,0.63807,0.51006
162,6,156.00000,25.02199,17.33333,4.44444,37.51688,11.45876,2.85222,1.72444,0.91111,0.48314,2.78022
163,6,220.00000,41.18199,24.44444,4.66667,57.08166,11.63447,2.83000,1.73333,0.91556,0.47473,4.57578
164,6,155.00000,24.58799,17.22222,4.44444,37.41611,11.40671,2.82111,1.72556,0.91667,0.48198,2.73200
165,6,219.00000,40.74799,24.33333,4.66667,56.98089,11.58242,2.79889,1.73444,0.92111,0.47356,4.52755
166,3,985.00000,172.30711,9.75248,3.21782,20.23245,12.44433,2.66416,1.45663,0.64693,0.67613,1.70601
167,2.8,636.00000,51.43479,6.42424,3.67677,12.62489,13.12361,2.78051,1.38505,0.55879,0.70699,0.51954
168,2.8,622.00000,45.30079,6.28283,3.67677,12.30629,13.12102,2.77525,1.38192,0.56040,0.70727,0.45758
169,2.5,286.00000,21.77748,6.50000,3.77273,12.77245,13.12809,2.80091,1.39091,0.56364,0.69970,0.49494
170,7,290.00000,25.94998,10.00000,4.96552,20.17023,11.21103,2.77517,1.67862,0.86138,0.49681,0.89483
171,7,318.00000,38.21798,10.96552,4.96552,22.34547,11.22870,2.81103,1.70000,0.85034,0.49487,1.31786
172,9,50.00000,5.40200,10.00000,4.80000,20.39203,10.56518,2.70800,1.64800,0.88000,0.49274,1.08040
173,2.5,116.00000,11.35599,38.66667,6.00000,92.69733,11.11730,2.70667,1.84000,1.15000,0.45159,3.78533
174,1.8,45.00000,10.96000,22.50000,3.50000,47.80250,9.04320,2.24000,1.88000,1.13000,0.47766,5.48000
175,6.5,30.00000,2.33266,10.00000,5.33333,20.02735,11.79597,2.92667,1.71333,0.80667,0.49951,0.77755
176,2.8,100.00000,7.55849,10.00000,4.80000,20.29889,12.04083,2.75500,1.63100,0.91000,0.49272,0.75585
177,2.5,100.00000,5.62148,10.00000,4.80000,20.99413,12.59399,2.82800,1.74700,0.96400,0.47595,0.56215
178,2.8,176.00000,9.93196,8.80000,4.80000,18.58636,12.63188,2.83550,1.67950,0.91900,0.46901,0.49660
179,3.5,129.00000,30.70800,21.50000,3.83333,45.23550,9.10187,2.21667,1.90667,1.13667,0.48073,5.11800
180,5.5,390.00000,30.85214,9.51220,4.68293,19.04372,11.53093,2.71537,1.64854,0.85171,0.52265,0.75249
181,5.5,488.00000,73.79014,11.90244,4.68293,24.42877,11.57467,2.80415,1.70146,0.82439,0.51784,1.79976
182,5.5,100.00000,7.55849,10.00000,4.80000,20.29889,12.04083,2.75500,1.63100,0.91000,0.49272,0.75585
183,3.8,66.00000,17.92133,22.00000,2.66667,47.69701,9.69030,2.41333,1.81333,1.02667,0.47091,5.97378
184,7,122.00000,10.96066,9.38462,4.92308,18.91156,11.38134,2.80000,1.73154,0.83231,0.49393,0.84313
185,5.3,80.00000,6.25674,8.88889,4.44444,17.77455,11.58353,2.70444,1.67000,0.80444,0.55024,0.69519
187,5,574.00000,87.89664,15.51351,4.64865,33.34513,11.31935,2.79568,1.72919,0.91459,0.48347,2.37558
188,6.8,30.00000,2.70175,7.50000,4.00000,14.99686,11.70510,2.67250,1.49500,0.71000,0.61849,0.67544
189,2.8,67.91000,18.03840,24.34050,2.79211,52.26034,8.67034,2.14373,1.90265,1.15548,0.47163,6.46538
190,6,108.00000,7.95799,10.80000,4.80000,21.65442,11.17714,2.67500,1.73600,0.92600,0.49898,0.79580
191,5,77.00000,11.29550,9.62500,3.87500,19.70523,12.19341,2.74500,1.54250,0.69500,0.61740,1.41194
192,3.5,92.00000,6.69799,9.20000,4.80000,18.43954,11.79886,2.80500,1.65600,0.84800,0.49920,0.66980
194,3.8,192.00000,38.19100,48.00000,2.00000,111.34115,7.83425,1.96000,2.09750,1.37000,0.43151,9.54775
196,2.5,362.00000,54.20732,51.71429,4.00000,127.03700,11.61476,2.48000,1.99143,1.13143,0.43633,7.74390
197,2,144.00000,22.70700,36.00000,4.50000,84.16110,8.93297,2.24000,1.90750,1.20000,0.46287,5.67675
198,3,184.00000,40.61000,23.00000,4.00000,49.22445,9.30098,2.25375,1.86625,1.12750,0.47568,5.07625
199,5.5,50.00000,4.07400,10.00000,4.80000,20.07702,11.33044,2.70600,1.67800,0.89200,0.49845,0.81480
200,6,239.00000,23.37940,10.86364,4.68182,21.96415,11.23587,2.71227,1.70455,0.87545,0.51887,1.06270
201,2.3,130.00000,3.75582,4.81481,3.25926,9.12823,13.26603,2.68630,1.32037,0.51704,0.75491,0.13910
202,2,291.00000,38.18265,7.86486,3.45946,16.18251,12.93741,2.70000,1.39514,0.57568,0.70621,1.03196
203,2,294.00000,38.18865,7.94595,3.45946,16.16306,12.91786,2.70243,1.39270,0.57486,0.70774,1.03213
204,2.5,110.00000,23.96000,36.66667,2.66667,83.46173,8.35167,2.12667,1.99000,1.25333,0.44089,7.98667
205,7.5,72.00000,6.88374,8.00000,4.44444,16.12008,11.68323,2.72000,1.57444,0.76556,0.54626,0.76486
206,5.5,358.00000,33.24039,10.84848,4.48485,22.28822,10.95407,2.62939,1.76364,0.91515,0.50848,1.00728
207,5.5,366.00000,33.24197,11.43750,4.62500,23.56095,10.85111,2.63406,1.79156,0.94500,0.49272,1.03881
208,5.5,403.00000,36.13539,12.21212,4.63636,24.87735,11.10166,2.64000,1.76970,0.93636,0.51159,1.09501
209,5.5,411.00000,36.13697,12.84375,4.78125,26.23099,11.00331,2.64500,1.79781,0.96688,0.49594,1.12928
210,5.5,593.00000,61.67039,17.96970,4.63636,40.03462,11.01462,2.65818,1.78636,0.95152,0.49870,1.86880
211,5.5,601.00000,61.67197,18.78125,4.78125,41.86192,10.91354,2.66375,1.81500,0.98250,0.48264,1.92725
212,5.5,340.00000,31.27439,10.30303,4.48485,20.97437,10.95995,2.63576,1.76000,0.91030,0.50911,0.94771
213,5.5,348.00000,31.27597,10.87500,4.62500,22.20604,10.85718,2.64063,1.78781,0.94000,0.49338,0.97737
214,5.5,385.00000,34.16939,11.66667,4.63636,23.56350,11.10755,2.64636,1.76606,0.93152,0.51223,1.03544
215,5.5,393.00000,34.17097,12.28125,4.78125,24.87608,11.00938,2.65156,1.79406,0.96188,0.49659,1.06784
216,5.5,575.00000,59.70439,17.42424,4.63636,38.72077,11.02050,2.66455,1.78273,0.94667,0.49934,1.80922
217,5.5,583.00000,59.70597,18.21875,4.78125,40.50702,10.91961,2.67031,1.81125,0.97750,0.48330,1.86581
218,5.5,357.00000,32.80639,10.81818,4.48485,22.26074,10.93988,2.62091,1.76394,0.91667,0.50816,0.99413
219,5.5,365.00000,32.80797,11.40625,4.62500,23.53261,10.83647,2.62531,1.79188,0.94656,0.49239,1.02525
220,5.5,402.00000,35.70139,12.18182,4.63636,24.84986,11.08747,2.63152,1.77000,0.93788,0.51127,1.08186
221,5.5,410.00000,35.70297,12.81250,4.78125,26.20264,10.98867,2.63625,1.79813,0.96844,0.49561,1.11572
222,5.5,592.00000,61.23639,17.93939,4.63636,40.00713,11.00042,2.64970,1.78667,0.95303,0.49838,1.85565
223,5.5,600.00000,61.23797,18.75000,4.78125,41.83358,10.89891,2.65500,1.81531,0.98406,0.48231,1.91369
224,5.5,339.00000,30.84039,10.27273,4.48485,20.94689,10.94576,2.62727,1.76030,0.91182,0.50880,0.93456
225,5.5,347.00000,30.84197,10.84375,4.62500,22.17770,10.84254,2.63187,1.78813,0.94156,0.49305,0.96381
226,5.5,384.00000,33.73539,11.63636,4.63636,23.53601,11.09335,2.63788,1.76636,0.93303,0.51191,1.02228
227,5.5,392.00000,33.73697,12.25000,4.78125,24.84774,10.99474,2.64281,1.79438,0.96344,0.49626,1.05428
228,5.5,574.00000,59.27039,17.39394,4.63636,38.69329,11.00631,2.65606,1.78303,0.94818,0.49902,1.79607
229,5.5,582.00000,59.27197,18.18750,4.78125,40.47867,10.90498,2.66156,1.81156,0.97906,0.48297,1.85225
230,4.5,470.00000,45.99398,24.73684,5.47368,58.53484,11.42181,2.87263,1.72737,0.90000,0.47812,2.42074
231,6,169.00000,21.61699,18.77778,4.44444,41.19031,11.27152,2.78444,1.75556,0.96889,0.48015,2.40189
232,6,150.00000,18.69799,16.66667,4.44444,35.76499,11.25996,2.76000,1.75444,0.96667,0.48686,2.07755
233,6,188.00000,23.80499,20.88889,4.44444,46.88032,11.19612,2.77333,1.76667,0.97778,0.47741,2.64500
234,6,222.00000,36.09799,24.66667,4.44444,57.75954,11.26892,2.83778,1.76556,0.97667,0.47436,4.01089
235,6,220.00000,28.86799,24.44444,4.44444,57.09385,11.28146,2.79333,1.77000,0.98444,0.47451,3.20755
236,6,233.00000,37.77699,25.88889,4.66667,60.75509,11.44723,2.76222,1.76444,0.97333,0.47174,4.19744
237,6,214.00000,34.85799,23.77778,4.66667,55.32977,11.43567,2.73778,1.76333,0.97111,0.47845,3.87311
238,6,252.00000,39.96499,28.00000,4.66667,66.44510,11.37183,2.75111,1.77556,0.98222,0.46899,4.44055
239,6,286.00000,52.25799,31.77778,4.66667,77.32432,11.44463,2.81556,1.77444,0.98111,0.46594,5.80644
240,6,284.00000,45.02799,31.55556,4.66667,76.65863,11.45717,2.77111,1.77889,0.98889,0.46609,5.00311
241,6,131.00000,13.55699,14.55556,4.66667,31.18156,11.28690,2.77111,1.74000,0.95111,0.48419,1.50633
242,6,112.00000,10.63799,12.44444,4.66667,25.75624,11.27533,2.74667,1.73889,0.94889,0.49090,1.18200
243,6,150.00000,15.74499,16.66667,4.66667,36.87158,11.21150,2.76000,1.75111,0.96000,0.48145,1.74944
244,6,184.00000,28.03799,20.44444,4.66667,47.75079,11.28430,2.82444,1.75000,0.95889,0.47840,3.11533
245,6,182.00000,20.80799,20.22222,4.66667,47.08510,11.29683,2.78000,1.75444,0.96667,0.47855,2.31200
246,6.5,98.00000,18.08333,14.00000,4.57143,29.11002,11.20413,2.76000,1.75143,0.88286,0.48995,2.58333
247,4.3,132.00000,27.17933,22.00000,4.66667,50.61352,11.70647,2.88167,1.71667,0.88333,0.47802,4.52989
248,6,112.00000,13.04433,18.66667,4.50000,40.96806,11.24143,2.76333,1.76333,0.98000,0.48001,2.17405
249,6,141.00000,17.64133,23.50000,4.50000,54.02692,11.22317,2.76667,1.75833,0.98167,0.47466,2.94022
250,6,131.00000,15.23233,21.83333,4.50000,49.50308,11.12833,2.74667,1.78000,0.99333,0.47589,2.53872
251,6,99.00000,16.44933,16.50000,4.50000,35.45792,11.52228,2.86500,1.71667,0.89333,0.48449,2.74155
252,6,144.00000,21.12433,24.00000,4.66667,55.64164,11.37322,2.74667,1.77000,0.98333,0.47370,3.52072
253,6,173.00000,25.72133,28.83333,4.66667,68.70050,11.35495,2.75000,1.76500,0.98500,0.46834,4.28689
254,6,163.00000,23.31233,27.16667,4.66667,64.17667,11.26012,2.73000,1.78667,0.99667,0.46958,3.88539
255,6,131.00000,24.52933,21.83333,4.66667,50.13150,11.65407,2.84833,1.72333,0.89667,0.47818,4.08822
256,6,93.00000,9.01433,15.50000,4.66667,33.46149,11.25297,2.75333,1.75167,0.96667,0.48304,1.50239
257,6,122.00000,13.61133,20.33333,4.66667,46.52035,11.23470,2.75667,1.74667,0.96833,0.47769,2.26855
258,6,112.00000,11.20233,18.66667,4.66667,41.99652,11.13987,2.73667,1.76833,0.98000,0.47892,1.86705
259,6,80.00000,12.41933,13.33333,4.66667,27.95135,11.53382,2.85500,1.70500,0.88000,0.48752,2.06989
260,4,38.00000,1.55316,12.66667,5.33333,26.02494,13.65293,2.98667,1.75000,0.98000,0.48216,0.51772
261,7,70.00000,5.81533,10.00000,4.57143,20.09830,11.13093,2.61143,1.66286,0.92857,0.49800,0.83076
262,6,114.00000,22.88633,16.28571,4.28571,34.43802,11.38163,2.72429,1.73857,0.89143,0.48428,3.26948
263,7.8,88.00000,12.53633,12.57143,4.57143,26.19131,10.83403,2.66143,1.68143,0.89143,0.48893,1.79090
264,7.8,83.00000,12.84333,11.85714,4.57143,24.69961,10.55400,2.64714,1.68714,0.90429,0.48839,1.83476
265,2.5,98.00000,13.35000,49.00000,5.00000,119.62950,8.88835,2.19000,1.91000,1.24500,0.44736,6.67500
266,3,312.00000,38.84400,44.57143,5.42857,107.62811,9.06110,2.27429,1.90857,1.23000,0.45514,5.54914
267,3.5,470.00000,29.51080,11.46341,4.48780,22.90920,10.98671,2.55902,1.77707,0.96585,0.52356,0.71978
268,3.5,486.00000,29.51396,12.46154,4.71795,25.02963,10.81942,2.56308,1.82359,1.01744,0.49848,0.75677
269,3.5,1090.00000,127.51080,26.58537,4.97561,63.67067,11.30464,2.75415,1.70634,0.89512,0.49837,3.11002
270,3.5,1106.00000,127.51396,28.35897,5.23077,67.88143,11.15365,2.76821,1.74923,0.94308,0.47200,3.26959
271,2.8,152.00000,6.90749,5.84615,3.38462,11.39017,12.48827,2.60769,1.46038,0.64154,0.68756,0.26567
272,5.5,136.00000,10.83732,11.33333,4.66667,22.84969,10.63970,2.60000,1.75333,0.96500,0.49669,0.90311
273,5.5,58.00000,6.28400,11.60000,4.40000,24.03362,11.06572,2.63400,1.68000,0.96000,0.49065,1.25680
274,3,40.00000,2.70325,5.71429,3.42857,11.14316,12.51933,2.64714,1.38571,0.58857,0.70832,0.38618
275,2.8,138.00000,7.50266,10.61538,4.92308,21.39752,11.23509,2.73385,1.73923,0.93385,0.49647,0.57713
276,2,441.70000,51.80580,10.61779,4.54087,21.58283,11.62212,2.76416,1.68409,0.81707,0.54291,1.24533
277,2,389.70000,31.10580,9.36779,4.63702,18.80749,11.43783,2.74300,1.66486,0.81707,0.54447,0.74774
278,2,385.70000,27.26980,9.27163,4.54087,18.55004,11.59749,2.71416,1.65428,0.83245,0.54561,0.65552
279,2,428.90000,51.98020,10.31010,4.54087,20.96327,11.65283,2.76839,1.66563,0.80168,0.54262,1.24952
280,2,376.90000,31.28020,9.06010,4.63702,18.18794,11.46854,2.74724,1.64639,0.80168,0.54418,0.75193
281,2,372.90000,27.44420,8.96394,4.54087,17.93048,11.62819,2.71839,1.63582,0.81707,0.54533,0.65972
282,2,443.30000,52.90660,10.65625,4.57933,21.62051,11.69029,2.77108,1.66716,0.80707,0.54341,1.27179
283,2,391.30000,32.20660,9.40625,4.67548,18.84518,11.50600,2.74993,1.64793,0.80707,0.54497,0.77420
284,2,387.30000,28.37060,9.31010,4.57933,18.58772,11.66566,2.72108,1.63736,0.82245,0.54612,0.68199
285,6,390.00000,31.23214,9.51220,4.68293,19.11022,11.32764,2.71146,1.68024,0.85366,0.52132,0.76176
286,4.5,258.00000,16.29298,6.97297,3.89189,13.68794,12.40536,2.70649,1.48514,0.65243,0.65844,0.44035
287,4.5,260.00000,16.68498,6.84211,3.78947,13.48303,12.18851,2.65789,1.50474,0.67368,0.65317,0.43908
288,5.3,43.00000,7.87675,10.75000,3.75000,22.21273,12.18425,2.72750,1.54500,0.71000,0.61443,1.96919
289,2.3,148.00000,9.14882,5.48148,3.25926,10.64956,13.33077,2.69889,1.33074,0.50963,0.75362,0.33885
290,3.3,64.00000,10.65000,32.00000,4.00000,72.23650,9.67690,2.13500,1.99000,1.22000,0.46299,5.32500
291,6.8,224.00000,17.05398,11.20000,4.80000,22.52187,10.90918,2.66000,1.75750,0.94000,0.49782,0.85270
292,3.8,126.00000,18.95550,18.00000,4.00000,43.43439,12.55187,2.83714,1.52714,0.71857,0.62440,2.70793
293,2,382.00000,3.60744,8.12766,5.70213,16.21513,13.38826,3.31702,1.52489,0.65830,0.52092,0.07675
294,2,28.00000,0.97400,14.00000,4.00000,29.21788,9.05335,2.04500,2.01000,1.30000,0.47899,0.48700
295,7.5,46.00000,6.07141,5.75000,4.00000,11.72929,11.87678,2.64250,1.52000,0.71250,0.54279,0.75893
296,7.5,46.00000,6.07158,6.57143,4.57143,13.68941,12.17436,2.78286,1.57286,0.76286,0.47484,0.86737
297,3.3,770.00000,43.68294,10.00000,4.46753,20.32245,10.62454,2.56156,1.79065,0.98623,0.49328,0.56731
298,4.5,354.00000,22.90831,8.23256,4.09302,16.83411,12.29936,2.73465,1.52558,0.68140,0.63414,0.53275
299,5.5,107.00000,22.32533,15.28571,4.28571,32.68718,10.96777,2.63000,1.74714,0.91857,0.48075,3.18933
300,5.8,446.00000,36.09530,9.91111,4.88889,20.05298,11.04552,2.74844,1.71289,0.88089,0.49545,0.80212
301,5.8,414.00000,36.08997,10.09756,4.78049,20.44849,10.79453,2.68098,1.73171,0.90439,0.49500,0.88024
302,5.8,482.00000,38.41130,10.71111,4.97778,21.57193,11.13210,2.75467,1.71644,0.89333,0.49728,0.85358
303,5.8,450.00000,38.40597,10.97561,4.87805,22.11563,10.88957,2.68780,1.73561,0.91805,0.49701,0.93673
304,6,122.00000,14.09199,12.20000,4.80000,24.80852,11.20276,2.72700,1.76700,0.91000,0.49617,1.40920
305,6,266.00000,44.30998,11.56522,4.52174,24.13426,11.12767,2.62913,1.70130,0.88130,0.48463,1.92652
306,6,76.00000,15.75200,15.20000,4.40000,31.93742,11.33182,2.79600,1.72800,0.88000,0.48624,3.15040
307,5,232.00000,33.20565,11.60000,4.00000,24.08548,12.22274,2.68000,1.59200,0.73800,0.59004,1.66028
308,7.8,84.00000,13.27733,12.00000,4.57143,24.82917,10.62091,2.68714,1.68571,0.89714,0.48989,1.89676
309,5.3,97.00000,13.47733,12.12500,4.37500,24.98813,11.03718,2.54375,1.72000,0.95250,0.48660,1.68467
310,5.3,80.00000,5.60474,8.88889,4.44444,17.89633,11.95683,2.68444,1.59333,0.81556,0.54660,0.62275
311,2.5,146.00000,27.24000,48.66667,2.66667,114.44547,8.05400,1.98667,2.09333,1.36333,0.42632,9.08000
312,3.8,348.00000,23.29097,7.56522,4.17391,14.92826,12.28613,2.74957,1.52978,0.68261,0.62735,0.50633
313,3.8,350.00000,23.68297,7.44681,4.08511,14.73620,12.11334,2.70936,1.54468,0.69915,0.62374,0.50389
314,3.8,366.00000,23.46497,7.78723,4.08511,15.42167,12.07936,2.70468,1.56511,0.71617,0.62406,0.49925
315,3.2,1228.00000,74.32837,9.74603,5.63492,19.78914,12.92076,3.13960,1.57833,0.73397,0.50385,0.58991
316,5.5,406.00000,31.80014,9.90244,4.68293,19.85160,11.36283,2.70049,1.67317,0.86683,0.52221,0.77561
317,5.5,462.00000,56.33614,11.26829,4.68293,22.92877,11.38782,2.75122,1.70341,0.85122,0.51946,1.37405
318,4.3,131.00000,26.74533,21.83333,4.66667,50.46236,11.62840,2.83500,1.71833,0.89167,0.47627,4.45755
319,6,240.00000,19.18882,9.23077,4.30769,18.47623,11.37803,2.59346,1.61115,0.87769,0.53600,0.73803
320,6,240.00000,19.18914,10.00000,4.66667,20.18188,11.51005,2.67125,1.64958,0.92083,0.49580,0.79955
322,6.8,233.00000,17.05540,10.59091,4.68182,21.24747,11.15455,2.67455,1.71682,0.89818,0.52039,0.77525
323,3.5,0.00000,0.00000,0.00000,0.00000,0.00000,0.00000,0.00000,0.00000,0.00000,0.00000,0.00000
324,1.5,378.00000,30.69930,9.21951,4.68293,18.50249,11.52584,2.76902,1.64707,0.80049,0.54520,0.74876
325,5.5,72.00000,12.41800,14.40000,4.40000,30.34182,11.11696,2.73800,1.74200,0.92800,0.48502,2.48360
326,1.5,100.00000,15.43000,50.00000,4.00000,117.38634,9.01375,2.29500,2.04500,1.36000,0.42668,7.71500
327,7.8,109.00000,23.19333,15.57143,4.28571,32.94631,11.10160,2.71000,1.74429,0.90429,0.48375,3.31333
328,6,100.00000,8.33799,10.00000,4.80000,20.21335,10.91369,2.69800,1.74300,0.89600,0.49574,0.83380
329,2.5,884.00000,121.42000,35.36000,5.28000,82.56124,9.37038,2.29800,1.90720,1.20000,0.46190,4.85680
330,3,247.00000,28.50315,9.50000,4.19231,19.26095,12.34660,2.80115,1.55192,0.71846,0.60898,1.09628
331,2.8,126.00000,4.61482,7.41176,3.76471,14.64397,12.48421,2.65588,1.48647,0.69647,0.67124,0.27146
332,6,78.00000,5.89633,11.14286,4.57143,22.59428,10.42151,2.58429,1.82429,0.99143,0.49519,0.84233
333,2.3,130.00000,10.07032,7.64706,4.23529,15.18551,12.07244,2.75176,1.52706,0.69412,0.61348,0.59237
334,2.5,138.00000,11.43732,5.52000,3.52000,10.93022,12.08226,2.61840,1.50960,0.64640,0.64976,0.45749
335,3.5,70.00000,3.74683,7.77778,4.44444,15.37487,12.58817,2.83222,1.48111,0.69778,0.60856,0.41631
336,6.3,80.00000,7.73466,10.00000,5.00000,20.25528,11.02673,2.79000,1.67250,0.85250,0.49528,0.96683
337,2.3,220.00000,24.70666,27.50000,5.50000,65.80677,11.66049,2.92250,1.68000,0.89250,0.47382,3.08833
338,2.8,1264.00000,77.06135,8.05096,5.40127,16.40815,12.94474,3.17898,1.56981,0.67911,0.50503,0.49084
339,2.8,1266.00000,78.06735,8.06369,5.40127,16.42357,12.94425,3.17924,1.56968,0.67783,0.50508,0.49724
340,3.3,952.00000,65.15993,7.67742,4.12903,15.17498,12.17317,2.72452,1.53258,0.69613,0.62561,0.52548
341,3.3,108.00000,11.35441,27.00000,4.50000,64.91322,11.90020,2.65000,1.59750,0.85250,0.59185,2.83860
342,6,158.00000,11.62166,8.31579,4.21053,16.53846,11.84015,2.69579,1.56789,0.74632,0.60149,0.61167
343,5.8,150.00000,11.55149,8.82353,4.70588,17.77768,11.99818,2.80647,1.55353,0.77059,0.55355,0.67950
344,5.8,164.00000,17.68549,9.64706,4.70588,19.63303,12.01325,2.83706,1.57176,0.76118,0.55189,1.04032
345,5.3,237.00000,20.98698,10.30435,4.47826,20.92187,10.29331,2.52652,1.78000,0.96783,0.49365,0.91248
346,2.8,454.00000,50.81615,21.61905,4.95238,51.37534,12.05530,2.88381,1.60571,0.79333,0.52693,2.41982
347,5,43.00000,7.87675,10.75000,3.75000,22.21273,12.18425,2.72750,1.54500,0.71000,0.61443,1.96919
348,3.3,390.00000,29.93030,9.06977,4.46512,18.24639,11.20228,2.66744,1.67628,0.84140,0.54004,0.69605
349,5.8,108.00000,8.22899,10.80000,4.80000,21.82420,10.83385,2.68700,1.79100,0.93600,0.49648,0.82290
350,4.5,258.00000,16.29298,6.97297,3.89189,13.68794,12.40536,2.70649,1.48514,0.65243,0.65844,0.44035
351,4.5,260.00000,16.68498,6.84211,3.78947,13.48303,12.18851,2.65789,1.50474,0.67368,0.65317,0.43908
352,2,90.00000,11.35133,45.00000,5.00000,111.59952,10.51740,2.62000,1.77000,1.04500,0.44789,5.67567
353,5.3,92.00000,19.33400,30.66667,4.00000,68.56273,9.15987,1.95000,1.91333,1.21333,0.44883,6.44467
354,7.8,76.00000,15.75200,15.20000,4.40000,31.93742,11.33182,2.79600,1.72800,0.88000,0.48624,3.15040
355,4,42.00000,3.44400,8.40000,4.80000,16.86214,11.95216,2.83600,1.59800,0.81400,0.49867,0.68880
356,6,110.00000,23.62733,15.71429,4.28571,33.07587,11.16851,2.75000,1.74286,0.89714,0.48525,3.37533
357,3.8,106.00000,19.62683,10.60000,3.80000,22.11124,12.20004,2.79500,1.54200,0.70300,0.58966,1.96268
358,4,42.00000,7.44275,10.50000,3.75000,21.98599,12.06715,2.65750,1.54750,0.72250,0.61181,1.86069
359,5.5,33.00000,7.44133,16.50000,4.00000,35.46854,10.52605,2.49500,1.78500,0.96500,0.47754,3.72067
360,6.3,58.00000,11.87400,19.33333,4.66667,39.98767,9.54080,2.33000,1.88000,1.10667,0.48783,3.95800
361,5.5,418.00000,32.98596,10.19512,4.87805,20.61177,11.01661,2.71634,1.74951,0.89610,0.49575,0.80454
362,2.5,82.00000,13.89000,41.00000,4.00000,95.22524,9.08885,2.28000,1.97000,1.29000,0.43700,6.94500
363,2.3,70.00000,2.00833,4.66667,3.20000,8.80871,13.51252,2.66800,1.31867,0.50533,0.76237,0.13389
364,2.8,108.00000,11.35458,36.00000,6.00000,87.21480,12.60237,2.98000,1.74667,1.01667,0.44966,3.78486
365,5.5,464.00000,38.10996,10.54545,4.90909,21.24292,11.09606,2.73841,1.71864,0.89250,0.49723,0.86614
366,2,428.00000,9.93810,8.23077,5.73077,16.49756,13.44477,3.34481,1.51923,0.64692,0.51826,0.19112
367,5.5,132.00000,8.32932,11.00000,4.33333,22.08843,10.87431,2.50083,1.70417,1.01333,0.49828,0.69411
368,5.5,174.00000,26.73132,14.50000,4.33333,29.97368,10.93836,2.63083,1.78167,0.97333,0.49124,2.22761
369,5.5,135.00000,11.20632,11.25000,4.58333,22.75782,10.45921,2.57583,1.73167,0.97333,0.49530,0.93386
370,5.5,138.00000,10.09932,11.50000,4.83333,23.03343,11.00068,2.64833,1.79667,0.94833,0.49947,0.84161
371,5.5,114.00000,7.17132,9.50000,4.16667,19.24040,10.71196,2.48917,1.69750,0.99000,0.49486,0.59761
372,5.5,156.00000,25.57332,13.00000,4.16667,27.12565,10.77601,2.61917,1.77500,0.95000,0.48781,2.13111
373,5.5,117.00000,10.04832,9.75000,4.41667,19.90978,10.29686,2.56417,1.72500,0.95000,0.49188,0.83736
374,5.5,120.00000,8.94132,10.00000,4.66667,20.18540,10.83833,2.63667,1.79000,0.92500,0.49604,0.74511
375,2.3,9852.00000,27.42188,7.97733,5.96761,15.95377,13.58280,3.42638,1.52159,0.64152,0.50078,0.02220
376,2.5,296.00000,34.05865,42.28571,5.42857,103.49858,10.77450,2.65714,1.80000,1.09000,0.44947,4.86552
377,5,586.00000,42.25796,8.02740,4.16438,15.95711,11.87462,2.69233,1.56795,0.73726,0.60557,0.57888
378,3,96.00000,15.55000,48.00000,4.00000,116.32550,10.39875,2.24000,2.01500,1.18000,0.44890,7.77500
379,6.3,138.00000,10.56166,10.61538,4.92308,21.40954,11.05588,2.74231,1.77308,0.90615,0.49718,0.81244
380,2.5,100.00000,15.43000,50.00000,4.00000,117.38634,9.01375,2.29500,2.04500,1.36000,0.42668,7.71500
381,3.3,233.00000,17.05540,10.59091,4.68182,21.24747,11.15455,2.67455,1.71682,0.89818,0.52039,0.77525
382,3.8,102.00000,5.19133,5.36842,3.36842,10.35119,12.85709,2.64684,1.37474,0.59105,0.70653,0.27323
383,3.8,568.00000,63.36898,27.04762,5.42857,64.58836,11.66326,2.85762,1.69000,0.91429,0.47197,3.01757
384,2.5,278.00000,34.05533,39.71429,5.14286,97.94230,10.96036,2.73714,1.73429,0.98714,0.45533,4.86505
385,1.8,3328.00000,4.48962,8.00000,5.95192,15.99917,13.56941,3.41990,1.52226,0.64404,0.50228,0.01079
386,9.5,20.00000,4.03000,10.00000,4.00000,20.04680,9.70600,2.22500,1.90000,0.94500,0.49901,2.01500
387,1.3,74.00000,14.22000,24.66667,4.33333,53.35600,9.27080,2.44000,1.92333,1.18000,0.47857,4.74000
388,5,105.00000,8.86233,17.50000,5.16667,39.18098,11.74963,2.84500,1.71667,0.91500,0.48305,1.47705
389,5,104.00000,8.35933,17.33333,5.16667,38.97923,11.75600,2.84167,1.71833,0.93167,0.48245,1.39322
390,5,137.00000,13.92533,22.83333,5.16667,54.50126,11.87763,2.87500,1.72167,0.92500,0.47871,2.32089
391,3.5,68.00000,3.75541,9.71429,4.57143,19.43653,12.09581,2.73571,1.61286,0.81571,0.56793,0.53649
392,5.5,78.00000,5.62533,11.14286,4.57143,22.35173,10.91193,2.56714,1.74571,0.97714,0.49876,0.80362
399,1.5,387.70000,30.15100,8.30193,4.46895,16.54665,11.89747,2.76940,1.58606,0.73662,0.58217,0.64563
400,1.5,383.70000,26.31500,8.21627,4.38330,16.31731,12.03969,2.74370,1.57664,0.75032,0.58319,0.56349
401,1.5,439.70000,50.85100,9.41542,4.38330,19.01889,12.06164,2.78824,1.60319,0.73662,0.58078,1.08889
402,1.5,379.70000,33.10300,8.13062,4.29764,16.35779,11.52644,2.71972,1.54152,0.75375,0.57932,0.70884
403,1.5,375.70000,29.26700,8.04497,4.21199,16.12845,11.66866,2.69403,1.53210,0.76745,0.58034,0.62670
404,1.5,431.70000,53.80300,9.24411,4.21199,18.83004,11.69060,2.73857,1.55865,0.75375,0.57793,1.15210
405,2.5,88.00000,13.55133,44.00000,4.00000,108.29552,12.02780,2.67000,1.87500,0.98000,0.44942,6.77567
406,3.5,439.00000,29.71146,7.56897,4.25862,14.96332,12.26149,2.76879,1.54259,0.68621,0.61754,0.51227
407,3.5,447.00000,29.60246,7.70690,4.25862,15.24105,12.24772,2.76690,1.55086,0.69310,0.61767,0.51039
408,3.5,448.00000,30.29046,7.72414,4.27586,15.25794,12.27828,2.77000,1.54328,0.68862,0.61789,0.52225
409,2.8,198.00000,15.96515,9.42857,4.57143,18.96662,11.30320,2.71571,1.66714,0.83143,0.54340,0.76025
410,2.5,46.00000,8.96300,23.00000,4.00000,49.49600,10.34700,2.53000,1.85500,1.11000,0.46794,4.48150
411,5,190.00000,14.34632,8.26087,4.17391,16.53106,11.50068,2.64609,1.61565,0.78522,0.58194,0.62375
412,5.8,288.00000,23.91231,10.28571,4.57143,20.86837,10.50706,2.59607,1.77286,0.94857,0.49439,0.85401
413,3.3,90.00000,3.94991,5.62500,3.50000,10.89537,13.04053,2.68625,1.36688,0.57563,0.71394,0.24687
414,5.3,61.00000,14.63200,30.50000,3.50000,66.80750,8.71425,1.96000,1.91000,1.18500,0.45877,7.31600
415,6.5,100.00000,7.55816,8.33333,4.00000,16.58382,11.66631,2.57250,1.55083,0.81833,0.58034,0.62985
416,6.5,100.00000,7.55849,10.00000,4.80000,20.29889,12.04083,2.75500,1.63100,0.91000,0.49272,0.75585
417,5.5,490.00000,39.97930,10.00000,4.57143,20.29272,10.56336,2.60000,1.75837,0.93959,0.49406,0.81590
418,4,36.00000,3.55000,18.00000,4.00000,36.06850,8.23660,1.79000,2.05500,1.39000,0.49900,1.77500
419,6.3,149.90000,12.25756,10.70714,4.70714,21.58452,10.74439,2.62364,1.77529,0.93786,0.49666,0.87554
420,3,132.00000,23.65674,14.66667,4.22222,31.44629,11.88114,2.80111,1.60778,0.79556,0.53838,2.62853
421,6.8,58.00000,4.07533,9.66667,5.00000,19.39735,11.71172,2.82833,1.65167,0.85000,0.49871,0.67922
422,6.8,72.00000,10.20933,12.00000,5.00000,24.65419,11.75442,2.91500,1.70333,0.82333,0.49402,1.70155
423,5,40.00000,2.33416,6.66667,4.00000,13.01613,12.70047,2.77000,1.47667,0.61667,0.66380,0.38903
424,1.8,114.00000,17.46000,22.80000,5.60000,49.20404,10.13144,2.35200,1.82000,1.10400,0.47557,3.49200
425,6,138.00000,10.56166,10.61538,4.92308,21.40954,11.05588,2.74231,1.77308,0.90615,0.49718,0.81244
426,5.5,50.00000,4.07400,10.00000,4.80000,20.07702,11.33044,2.70600,1.67800,0.89200,0.49845,0.81480
427,5.5,64.00000,10.20800,12.80000,4.80000,26.38522,11.38168,2.81000,1.74000,0.86000,0.49282,2.04160
428,2.5,190.00000,16.07415,9.04762,4.57143,18.19954,11.34122,2.72095,1.64429,0.81238,0.54304,0.76544
429,4.5,147.00000,11.61657,13.36364,5.00000,29.01871,12.11854,2.89455,1.70182,0.86545,0.48963,1.05605
430,4.5,146.00000,11.11357,13.27273,5.00000,28.90866,12.12201,2.89273,1.70273,0.87455,0.48930,1.01032
431,4.5,100.00000,5.93057,9.09091,4.90909,18.37087,12.08221,2.87727,1.68818,0.84364,0.49549,0.53914
432,4.8,166.00000,11.07307,10.37500,4.50000,20.77480,11.12387,2.61188,1.74813,0.91125,0.52902,0.69207
434,3.8,398.50000,100.13700,22.13889,3.77778,46.10423,8.91810,2.18667,1.91292,1.13069,0.48377,5.56317
435,2.5,163.00000,20.31882,20.37500,4.12500,46.95647,11.93891,2.66250,1.59000,0.82375,0.59943,2.53985
436,5.5,20.00000,1.74133,10.00000,4.00000,20.15152,10.63215,2.37500,1.62500,1.02000,0.49688,0.87067
437,5.5,66.00000,6.09400,13.20000,4.40000,27.18842,10.75912,2.57200,1.79600,1.02800,0.49171,1.21880
438,6.5,152.00000,12.56632,9.50000,5.00000,19.14036,11.26033,2.78688,1.70375,0.84375,0.49426,0.78540
439,2.5,285.00000,35.10440,8.38235,3.67647,17.24896,12.88098,2.73971,1.42471,0.60353,0.68163,1.03248
440,7.5,54.00000,6.03133,7.71429,4.57143,15.72921,11.60993,2.68571,1.60571,0.81143,0.48375,0.86162
441,4.3,336.00000,22.18931,7.63636,4.00000,15.10486,12.08975,2.68705,1.53909,0.70636,0.63247,0.50430
442,4.3,338.00000,22.58131,7.51111,3.91111,14.90034,11.91364,2.64644,1.55444,0.72311,0.62859,0.50181
443,2.3,208.00000,15.78715,9.45455,4.36364,18.96581,11.28792,2.62455,1.66000,0.87182,0.54222,0.71760
444,2.5,228.00000,24.40999,28.50000,5.50000,68.16234,11.61040,2.84875,1.72500,0.94625,0.46877,3.05125
445,6,244.00000,25.31590,11.09091,4.65909,22.55830,11.24750,2.69818,1.70977,0.87886,0.51778,1.15072
446,6,100.00000,8.14799,10.00000,4.80000,20.07702,11.33044,2.70600,1.67800,0.89200,0.49845,0.81480
447,6,108.00000,7.95799,10.80000,4.80000,21.65442,11.17714,2.67500,1.73600,0.92600,0.49898,0.79580
448,6,128.00000,20.41599,12.80000,4.80000,26.38522,11.38168,2.81000,1.74000,0.86000,0.49282,2.04160
449,6,122.00000,14.09199,12.20000,4.80000,24.80852,11.20276,2.72700,1.76700,0.91000,0.49617,1.40920
450,6.5,144.00000,9.23999,14.40000,4.80000,31.20492,10.78917,2.68400,1.85900,0.97400,0.48927,0.92400
451,2.5,1030.00000,203.38200,35.51724,3.17241,80.07104,8.70331,2.18483,1.98897,1.24138,0.45855,7.01317
452,2.5,742.00000,178.74200,25.58621,3.17241,55.61741,8.78618,2.16828,1.90621,1.16414,0.46994,6.16352
453,3.8,94.00000,11.77533,15.66667,4.50000,33.33735,11.27967,2.82000,1.76000,0.96000,0.48948,1.96255
454,3.8,126.00000,20.85533,21.00000,4.66667,47.98569,11.40827,2.74333,1.76167,0.96667,0.48360,3.47589
455,6.3,206.00000,15.50415,9.80952,4.57143,19.63691,11.39367,2.69524,1.66857,0.84286,0.54484,0.73829
456,2.3,222.00000,43.23000,31.71429,3.71429,70.67189,9.08531,2.22000,1.94000,1.20000,0.46350,6.17571
457,6,114.00000,20.29466,14.25000,4.50000,29.94402,11.34043,2.80000,1.72375,0.89500,0.48634,2.53683
458,5.5,445.00000,70.48698,13.08824,4.23529,28.11122,11.73157,2.71882,1.64500,0.81618,0.54330,2.07315
459,5.5,236.00000,18.20590,9.44000,4.48000,18.89450,11.44350,2.69160,1.64080,0.82160,0.55662,0.72824
460,5.5,249.00000,23.38090,9.96000,4.44000,20.04904,11.52016,2.70040,1.64880,0.82160,0.55597,0.93524
461,5.5,235.00000,17.24690,9.40000,4.44000,18.78740,11.50992,2.67960,1.63640,0.82800,0.55710,0.68988
462,5.5,233.00000,18.20565,10.59091,4.95455,21.33359,11.14965,2.75864,1.71455,0.89000,0.49724,0.82753
463,5.5,246.00000,23.38065,11.18182,4.90909,22.64557,11.23677,2.76864,1.72364,0.89000,0.49650,1.06276
464,5.5,232.00000,17.24665,10.54545,4.90909,21.21189,11.22512,2.74500,1.70955,0.89727,0.49778,0.78394
465,5.5,243.00000,18.20649,7.59375,3.71875,14.98179,11.91488,2.58406,1.52250,0.71187,0.65189,0.56895
466,5.5,256.00000,23.38149,8.00000,3.68750,15.88378,11.97478,2.59094,1.52875,0.71187,0.65138,0.73067
467,5.5,242.00000,17.24749,7.56250,3.68750,14.89812,11.96677,2.57469,1.51906,0.71687,0.65226,0.53898
468,5.5,240.00000,18.20623,8.27586,4.00000,16.42738,11.74073,2.62379,1.56621,0.75241,0.61669,0.62780
469,5.5,253.00000,23.38123,8.72414,3.96552,17.42267,11.80682,2.63138,1.57310,0.75241,0.61613,0.80625
470,5.5,239.00000,17.24723,8.24138,3.96552,16.33505,11.79798,2.61345,1.56241,0.75793,0.61710,0.59473
471,2.5,240.00000,44.19100,34.28571,3.71429,77.36309,8.91671,2.22571,1.97000,1.22857,0.46042,6.31300
472,6.3,58.00000,11.87400,19.33333,4.66667,39.98767,9.54080,2.33000,1.88000,1.10667,0.48783,3.95800
473,5.3,170.00000,19.67057,15.45455,4.36364,33.07937,11.26377,2.70455,1.77545,0.99091,0.48490,1.78823
474,2.5,43.00000,7.44283,8.60000,3.20000,17.79036,12.37340,2.56600,1.45800,0.64200,0.68787,1.48857
475,6.3,41.00000,7.44266,13.66667,4.66667,28.97870,11.55673,2.81000,1.69667,0.85667,0.48503,2.48089
476,3.8,568.00000,63.36898,27.04762,5.42857,64.58836,11.66326,2.85762,1.69000,0.91429,0.47197,3.01757
477,3.8,622.00000,73.95898,29.61905,5.42857,70.86663,11.56353,2.83190,1.69714,0.93000,0.46571,3.52186
478,6.8,200.00000,17.62398,10.00000,4.80000,20.15577,11.13913,2.70650,1.67050,0.88900,0.49702,0.88120
479,1.5,180.00000,14.73415,9.00000,4.80000,18.01516,11.75962,2.82500,1.62600,0.76800,0.54710,0.73671
480,4,39.01000,8.96849,20.69496,4.12202,43.22643,9.20617,2.22788,1.91268,1.13390,0.48328,4.75782
481,7,30.00000,2.33266,10.00000,5.33333,20.02735,11.79597,2.92667,1.71333,0.80667,0.49951,0.77755
482,5.8,94.00000,20.36200,31.33333,4.00000,69.51220,9.07237,1.97667,1.89000,1.19000,0.45267,6.78733
483,2.8,188.00000,30.65533,31.33333,5.00000,75.83935,11.62552,2.87667,1.71333,0.91833,0.46639,5.10922
484,1.8,196.00000,30.92000,24.50000,5.50000,53.49030,10.07430,2.29500,1.82500,1.12000,0.46971,3.86500
485,3.8,55.00000,9.14400,11.00000,4.80000,22.98895,11.90972,2.88400,1.66200,0.79200,0.49093,1.82880
486,6,63.00000,9.77400,12.60000,4.80000,26.20383,11.28800,2.75400,1.74200,0.87000,0.49072,1.95480
487,5,467.00000,59.98572,11.11905,4.69048,22.73494,11.58233,2.78929,1.70690,0.83619,0.51741,1.42823
488,6.2,38.00000,4.54266,12.66667,4.66667,26.62169,11.35477,2.80667,1.71667,0.92000,0.48651,1.51422
489,4.8,93.00000,20.36000,31.00000,4.00000,69.59213,9.15273,1.96667,1.90000,1.19333,0.44636,6.78667
490,4.8,92.00000,19.33400,30.66667,4.00000,68.56273,9.15987,1.95000,1.91333,1.21333,0.44883,6.44467
491,5.5,93.00000,20.36000,31.00000,4.00000,69.59213,9.15273,1.96667,1.90000,1.19333,0.44636,6.78667
492,5.5,92.00000,19.33400,30.66667,4.00000,68.56273,9.15987,1.95000,1.91333,1.21333,0.44883,6.44467
493,7.5,170.00000,16.61932,10.00000,4.70588,20.27109,10.79814,2.66824,1.65412,0.90000,0.49490,0.97761
494,5.5,415.00000,34.09296,10.12195,4.80488,20.53110,10.85813,2.69512,1.73049,0.90341,0.49453,0.83154
495,5.5,407.00000,34.09155,9.92683,4.80488,20.12994,10.96680,2.71512,1.72366,0.89366,0.49439,0.83150
496,5.5,407.00000,34.09138,9.69048,4.69048,19.60324,10.93886,2.69000,1.71000,0.88095,0.50686,0.81170
497,5.5,428.00000,35.79396,9.72727,4.81818,19.68945,11.00751,2.73205,1.71500,0.87977,0.49536,0.81350
498,5.5,446.00000,36.09530,9.91111,4.88889,20.05298,11.04552,2.74844,1.71289,0.88089,0.49545,0.80212
499,5.5,418.00000,32.98596,10.19512,4.87805,20.61177,11.01661,2.71634,1.74951,0.89610,0.49575,0.80454
500,5.5,410.00000,32.98455,10.00000,4.87805,20.21061,11.12528,2.73634,1.74268,0.88634,0.49561,0.80450
501,5.5,410.00000,32.98438,9.76190,4.76190,19.68198,11.09357,2.71071,1.72857,0.87381,0.50805,0.78534
502,5.5,431.00000,34.68696,9.79545,4.88636,19.76462,11.15518,2.75182,1.73273,0.87295,0.49649,0.78834
503,5.5,449.00000,34.98830,9.97778,4.95556,20.12648,11.18991,2.76778,1.73022,0.87422,0.49656,0.77752
504,5.5,451.00000,36.40896,11.00000,4.90244,22.19824,10.95317,2.70195,1.73439,0.91707,0.49653,0.88802
505,5.5,443.00000,36.40755,10.80488,4.90244,21.79708,11.06183,2.72195,1.72756,0.90732,0.49639,0.88799
506,5.5,443.00000,36.40738,10.54762,4.78571,21.23069,11.03164,2.69667,1.71381,0.89429,0.50882,0.86684
507,5.5,464.00000,38.10996,10.54545,4.90909,21.24292,11.09606,2.73841,1.71864,0.89250,0.49723,0.86614
508,5.5,482.00000,38.41130,10.71111,4.97778,21.57193,11.13210,2.75467,1.71644,0.89333,0.49728,0.85358
509,5.5,454.00000,35.30196,11.07317,4.97561,22.27891,11.11165,2.72317,1.75341,0.90976,0.49775,0.86102
510,5.5,446.00000,35.30055,10.87805,4.97561,21.87775,11.22031,2.74317,1.74659,0.90000,0.49761,0.86099
511,5.5,446.00000,35.30038,10.61905,4.85714,21.30943,11.18634,2.71738,1.73238,0.88714,0.51001,0.84049
512,5.5,467.00000,37.00296,10.61364,4.97727,21.31809,11.24374,2.75818,1.73636,0.88568,0.49836,0.84098
513,5.5,485.00000,37.30430,10.77778,5.04444,21.64543,11.27650,2.77400,1.73378,0.88667,0.49839,0.82898
514,4.8,126.00000,20.85533,21.00000,4.66667,47.98569,11.40827,2.74333,1.76167,0.96667,0.48360,3.47589
515,5,198.00000,13.95582,7.92000,4.16000,15.69310,12.04662,2.71360,1.54600,0.71520,0.61644,0.55823
516,3.8,111.00000,13.61233,9.25000,3.91667,19.23268,12.81610,2.77333,1.45083,0.63000,0.65622,1.13436
517,5,30.00000,1.74316,10.00000,5.33333,20.76694,14.16393,3.09000,1.55667,0.86667,0.48039,0.58105
518,2.3,126.00000,13.38600,25.20000,5.60000,58.30342,11.61422,2.88400,1.73600,0.94400,0.46757,2.67720
519,3,140.00000,9.89232,7.77778,4.00000,15.39459,12.01103,2.63833,1.52611,0.75111,0.60816,0.54957
520,4.3,56.00000,9.57800,11.20000,4.80000,23.17034,12.00340,2.94000,1.66000,0.78200,0.49303,1.91560
521,7,80.00000,7.73466,10.00000,5.00000,20.25528,11.02673,2.79000,1.67250,0.85250,0.49528,0.96683
522,5.8,126.00000,26.09000,31.50000,4.25000,70.92449,9.31170,1.97750,1.88750,1.19500,0.44488,6.52250
523,5.8,127.00000,26.09200,31.75000,4.25000,70.86455,9.25143,1.98500,1.88000,1.19250,0.44962,6.52300
524,4.3,60.00000,8.83700,12.00000,4.80000,25.07734,12.30176,2.90400,1.65400,0.77400,0.49168,1.76740
525,5.8,476.00000,37.97996,10.34783,4.52174,21.06913,10.40668,2.55174,1.77783,0.96609,0.49280,0.82565
526,6.5,144.00000,32.91000,48.00000,3.66667,114.97573,9.51200,2.07333,1.94333,1.23333,0.42692,10.97000
527,6.8,239.00000,34.72398,11.95000,4.80000,24.75088,11.10730,2.74250,1.71850,0.87250,0.49122,1.73620
528,3.8,46.00000,9.13300,23.00000,4.00000,48.71950,9.87710,2.11500,1.90500,1.12000,0.47888,4.56650
529,5,96.00000,8.42666,12.00000,4.75000,24.50302,11.14794,2.70500,1.76500,0.94500,0.49464,1.05333
530,7.8,70.00000,7.14333,10.00000,4.57143,20.32331,10.58431,2.61286,1.64143,0.92000,0.49392,1.02048
531,6.8,92.00000,7.90099,9.20000,4.80000,18.60817,10.93895,2.70300,1.69800,0.86600,0.49111,0.79010
532,4,284.00000,55.03400,40.57143,2.85714,93.96814,7.53297,1.92429,2.09143,1.32571,0.43758,7.86200
533,7.5,419.00000,49.39114,10.21951,4.70732,20.80127,11.12963,2.74902,1.65171,0.83415,0.51820,1.20466
534,2,110.00000,3.18391,4.58333,3.00000,8.71101,13.16183,2.59500,1.33667,0.52833,0.76501,0.13266
535,5.5,156.00000,23.34633,26.00000,5.16667,61.11733,11.77173,2.88500,1.72667,0.92333,0.47040,3.89105
536,5.5,124.00000,15.26633,20.66667,5.00000,46.44375,11.63995,2.90167,1.72000,0.92000,0.47671,2.54439
537,2,150.00000,19.38200,30.00000,5.60000,67.93940,9.65936,2.36800,1.90400,1.18400,0.46694,3.87640
538,3.8,726.00000,47.92495,7.33333,4.04040,14.45774,12.27199,2.72000,1.51707,0.67737,0.63784,0.48409
539,3.5,528.40000,69.13916,10.87243,4.64198,22.18489,11.73944,2.81568,1.66687,0.79918,0.53547,1.42262
540,3.5,523.60000,69.20456,10.77366,4.64198,21.98602,11.74930,2.81704,1.66095,0.79424,0.53537,1.42396
541,3.5,529.00000,69.55196,10.88477,4.65432,22.19699,11.76132,2.81790,1.66144,0.79597,0.53563,1.43111
542,3.5,555.40000,69.14142,7.34656,3.34127,14.62166,12.40335,2.59579,1.46442,0.62804,0.69856,0.91457
543,3.5,550.60000,69.20682,7.28307,3.34127,14.49381,12.40969,2.59667,1.46061,0.62487,0.69850,0.91543
544,3.5,556.00000,69.55422,7.35450,3.34921,14.62943,12.41742,2.59722,1.46093,0.62598,0.69866,0.92003
545,3.5,444.40000,32.33516,9.14403,4.64198,18.29094,11.70781,2.75148,1.62860,0.81893,0.53894,0.66533
546,3.5,439.60000,32.40056,9.04527,4.64198,18.09207,11.71767,2.75284,1.62267,0.81399,0.53885,0.66668
547,3.5,445.00000,32.74796,9.15638,4.65432,18.30304,11.72969,2.75370,1.62317,0.81572,0.53911,0.67383
548,3.5,471.40000,32.33742,6.23545,3.34127,12.11841,12.38302,2.55452,1.43981,0.64074,0.70079,0.42774
549,3.5,466.60000,32.40282,6.17196,3.34127,11.99056,12.38936,2.55540,1.43601,0.63757,0.70073,0.42861
550,3.5,472.00000,32.75022,6.24339,3.34921,12.12618,12.39709,2.55595,1.43632,0.63868,0.70090,0.43320
551,2.8,188.00000,30.65533,31.33333,5.00000,75.83935,11.62552,2.87667,1.71333,0.91833,0.46639,5.10922
552,4,93.00000,10.08233,7.75000,3.91667,15.57036,12.87428,2.78833,1.44667,0.62083,0.65987,0.84019
553,3.5,68.00000,4.24400,13.60000,4.80000,29.52534,11.56190,2.76400,1.75000,0.91400,0.48666,0.84880
554,2,130.00000,3.95583,4.48276,3.03448,8.46207,13.32491,2.62552,1.30621,0.50759,0.77075,0.13641
555,2,128.00000,16.00000,16.00000,6.00000,32.05900,10.36000,2.58000,1.80000,1.04000,0.49897,2.00000
556,1.8,151.00000,22.98000,50.33333,4.33333,121.02273,8.53180,2.04333,2.07667,1.36667,0.41692,7.66000
557,1.8,183.00000,31.80000,61.00000,4.33333,150.72219,9.08157,2.20000,2.08667,1.34667,0.40537,10.60000
558,2,36.00000,0.86500,18.00000,4.00000,37.27215,8.65415,1.99000,2.25000,1.50000,0.48273,0.43250
560,6.5,220.00000,41.18199,24.44444,4.66667,57.08166,11.63447,2.83000,1.73333,0.91556,0.47473,4.57578
561,6.5,156.00000,25.02199,17.33333,4.44444,37.51688,11.45876,2.85222,1.72444,0.91111,0.48314,2.78022
562,6.5,219.00000,40.74799,24.33333,4.66667,56.98089,11.58242,2.79889,1.73444,0.92111,0.47356,4.52755
563,6.5,155.00000,24.58799,17.22222,4.44444,37.41611,11.40671,2.82111,1.72556,0.91667,0.48198,2.73200
564,6.3,220.00000,41.18199,24.44444,4.66667,57.08166,11.63447,2.83000,1.73333,0.91556,0.47473,4.57578
565,1.8,322.00000,38.21400,64.40000,5.60000,160.15216,8.31996,2.02000,2.06400,1.42200,0.40338,7.64280
566,2.5,185.00000,27.10433,46.25000,4.25000,113.15726,11.86518,2.60000,1.93250,1.07000,0.44429,6.77608
567,3.8,760.00000,160.28400,26.20690,3.79310,57.46066,9.02863,2.22552,1.90207,1.16414,0.47029,5.52703
568,3.8,724.00000,147.25200,24.96552,4.20690,54.27403,9.10146,2.19655,1.93517,1.17241,0.47410,5.07766
569,2.8,70.00000,3.94733,10.00000,4.57143,20.29067,10.73009,2.60000,1.77429,0.97143,0.49371,0.56390
570,1.3,62.00000,3.64750,6.88889,3.55556,13.77788,11.46752,2.50778,1.61333,0.79444,0.60453,0.40528
571,2,108.00000,5.23098,9.00000,4.66667,18.50454,13.54915,2.93833,1.58000,0.78833,0.56549,0.43591
572,6.5,106.00000,11.72266,35.33333,4.66667,88.01192,11.18097,2.72667,1.83000,1.06000,0.46264,3.90755
573,4.8,136.00000,14.05533,22.66667,5.00000,54.01964,11.48847,2.82667,1.77167,0.93333,0.48107,2.34255
574,8,90.00000,7.73649,10.00000,5.33333,20.44889,12.16014,2.98222,1.64444,0.82000,0.48996,0.85961
575,8,90.00000,7.73616,8.18182,4.36364,16.36881,11.72988,2.74182,1.55455,0.73636,0.58604,0.70329
576,2.3,419.00000,51.28798,10.21951,3.68293,22.86969,12.95180,2.77268,1.42390,0.60927,0.68469,1.25093
577,7,440.00000,43.51096,9.56522,4.78261,19.36276,10.98881,2.71565,1.69348,0.86696,0.49412,0.94589
578,7,482.00000,61.91296,10.47826,4.78261,21.41978,11.00552,2.74957,1.71370,0.85652,0.49228,1.34593
579,7,479.00000,60.61096,10.41304,4.78261,21.36063,10.97497,2.73130,1.71435,0.85978,0.49159,1.31763
580,7,413.00000,39.89296,8.97826,4.71739,18.23019,10.84178,2.69413,1.69935,0.86043,0.49010,0.86724
581,7,443.00000,46.38796,9.63043,4.84783,19.53738,10.88053,2.73522,1.70065,0.85652,0.49334,1.00843
582,5.5,406.00000,30.47214,9.90244,4.68293,19.81318,11.45615,2.70024,1.67683,0.86829,0.52291,0.74322
583,7.8,112.00000,24.65533,16.00000,4.28571,33.48279,11.13101,2.76143,1.73286,0.88714,0.48690,3.52219
584,7,30.00000,2.33266,10.00000,5.33333,20.02735,11.79597,2.92667,1.71333,0.80667,0.49951,0.77755
585,4.5,76.00000,10.61333,10.85714,4.57143,22.53613,11.17903,2.68000,1.67714,0.88429,0.48316,1.51619
586,4.5,75.00000,10.17933,10.71429,4.57143,22.40656,11.11211,2.64000,1.67857,0.89143,0.48166,1.45419
587,2.5,574.00000,68.34664,10.43636,3.56364,23.71078,13.06529,2.75200,1.39727,0.58564,0.70640,1.24267
588,4,42.00000,9.87400,21.00000,4.00000,43.95200,9.13120,2.20500,1.92000,1.14000,0.48226,4.93700
589,2.8,114.00000,6.32407,6.33333,3.55556,12.55666,11.93748,2.57833,1.54833,0.72333,0.63307,0.35134
590,5.3,407.00000,33.99264,7.40000,4.05455,14.78961,12.44489,2.76073,1.46109,0.65564,0.63925,0.61805
591,5.3,95.00000,17.59300,31.66667,4.33333,70.83747,8.86943,2.18000,1.94333,1.20333,0.46498,5.86433
592,5.5,108.00000,18.95266,36.00000,4.66667,90.00899,11.14337,2.86000,1.81667,1.03667,0.46218,6.31755
593,6.8,246.00000,26.01598,12.30000,4.60000,25.02333,10.98725,2.66500,1.77950,0.94600,0.49580,1.30080
594,2.8,126.00000,13.38600,25.20000,5.60000,58.30342,11.61422,2.88400,1.73600,0.94400,0.46757,2.67720
595,2.9,592.00000,75.09898,28.19048,5.00000,67.44090,11.12890,2.77762,1.72857,0.96429,0.46729,3.57614
596,4,80.00000,4.90733,6.66667,4.00000,13.16507,12.71456,2.77000,1.43000,0.62083,0.66122,0.40894
597,4,93.00000,10.08233,7.75000,3.91667,15.57036,12.87428,2.78833,1.44667,0.62083,0.65987,0.84019
599,1.5,460.40000,33.29430,6.90255,3.73913,13.65540,12.09690,2.63474,1.45354,0.69235,0.64476,0.49916
600,1.5,544.40000,70.09830,8.16192,3.73913,16.49267,12.11995,2.68151,1.48142,0.67796,0.64223,1.05095
601,1.5,466.40000,39.04830,6.99250,3.82909,13.89625,11.94754,2.66172,1.46343,0.67796,0.64369,0.58543
602,1.5,468.40000,30.34230,7.02249,3.85907,13.78762,12.35668,2.66952,1.48472,0.68036,0.64676,0.45491
603,1.5,552.40000,67.14630,8.28186,3.85907,16.62490,12.37972,2.71630,1.51261,0.66597,0.64423,1.00669
604,1.5,474.40000,36.09630,7.11244,3.94903,14.02848,12.20732,2.69651,1.49462,0.66597,0.64569,0.54117
605,1.5,466.00000,33.16130,6.98651,3.73913,13.82094,12.08081,2.63148,1.45963,0.69592,0.64482,0.49717
606,1.5,550.00000,69.96530,8.24588,3.73913,16.65821,12.10386,2.67826,1.48751,0.68153,0.64228,1.04896
607,1.5,472.00000,38.91530,7.07646,3.82909,14.06180,11.93145,2.65847,1.46952,0.68153,0.64374,0.58344
608,1.5,474.00000,30.20930,7.10645,3.85907,13.95317,12.34059,2.66627,1.49081,0.68393,0.64682,0.45291
609,1.5,558.00000,67.01330,8.36582,3.85907,16.79044,12.36363,2.71304,1.51870,0.66954,0.64428,1.00470
610,1.5,480.00000,35.96330,7.19640,3.94903,14.19403,12.19123,2.69325,1.50070,0.66954,0.64574,0.53918
611,6.5,710.00000,50.79695,10.59701,4.53731,21.22485,11.12857,2.62209,1.71612,0.91075,0.52777,0.75816
612,6.5,710.00000,50.79761,11.26984,4.82540,22.69890,11.21333,2.68317,1.75206,0.94571,0.49662,0.80631
613,6.5,738.00000,63.06495,11.01493,4.53731,22.16637,11.13622,2.63761,1.72537,0.90597,0.52693,0.94127
614,6.5,738.00000,63.06561,11.71429,4.82540,23.70020,11.22146,2.69968,1.76190,0.94063,0.49572,1.00104
615,2.3,20.00000,0.97258,10.00000,4.00000,20.99409,11.28095,2.45500,1.87000,1.10000,0.47610,0.48629
616,1.8,252.00000,28.04465,6.81081,3.45946,13.55655,12.97688,2.70568,1.39568,0.57459,0.70918,0.75796
617,5.3,80.00000,5.68691,10.00000,5.00000,20.32204,12.20929,2.81875,1.60125,0.88125,0.49319,0.71086
618,3.6,210.00000,12.51940,6.17647,3.76471,12.11702,12.75293,2.73088,1.40412,0.59706,0.68564,0.36822
619,2.8,74.00000,4.95683,7.40000,4.20000,14.61080,12.39211,2.77000,1.55100,0.70800,0.59825,0.49568
620,5.5,106.00000,16.60133,15.14286,4.57143,31.83430,11.63036,2.70857,1.74286,0.87143,0.48802,2.37162
621,3.5,86.00000,5.20400,17.20000,4.80000,39.46674,11.46526,2.75200,1.78800,0.94600,0.48148,1.04080
622,4.3,131.50000,26.96233,21.91667,4.66667,50.53794,11.66743,2.85833,1.71750,0.88750,0.47715,4.49372
623,4.8,58.00000,3.88400,11.60000,4.80000,23.23182,11.02384,2.64400,1.79400,0.96000,0.49951,0.77680
624,2.9,156.00000,21.57533,26.00000,4.83333,61.19102,11.49692,2.95333,1.71167,0.91167,0.47227,3.59589
625,3.8,46.00000,9.13300,23.00000,4.00000,48.71950,9.87710,2.11500,1.90500,1.12000,0.47888,4.56650
626,4.5,86.00000,6.67433,14.33333,5.16667,30.64595,11.86273,2.86167,1.70000,0.90167,0.48717,1.11239
628,4,38.00000,7.13433,19.00000,4.00000,40.68952,11.50615,2.54500,1.76500,0.92000,0.47941,3.56717
629,7.5,86.00000,8.84133,14.33333,5.00000,30.55069,11.54300,2.83167,1.73500,0.89000,0.48951,1.47355
630,6,226.00000,18.20440,10.27273,4.72727,20.65217,11.14875,2.70227,1.69545,0.87545,0.51961,0.82747
631,4.5,167.00000,23.91000,18.55556,5.00000,41.61000,11.69384,2.93889,1.71111,0.88444,0.47783,2.65644
632,4,14.00000,1.74000,4.67000,1.33333,8.77323,11.61433,1.90333,1.31000,0.68000,0.83000,0.58006
633,2.5,102.00000,8.51000,4.43478,3.30435,8.44058,13.17662,2.67261,1.37913,0.53087,0.71385,0.37005
634,5.5,78.00000,8.11000,13.00000,5.33333,27.44881,11.83000,2.96000,1.63000,0.81333,0.48816,1.35155
635,6.5,164.00000,19.92000,14.90909,5.09091,32.01236,11.25557,2.88182,1.64091,0.84182,0.48000,1.81103
636,6.5,58.00000,7.65000,6.44444,4.44444,13.26124,10.93069,2.70000,1.68667,0.78000,0.47996,0.85007
637,5.75,146.00000,16.86000,14.60000,5.00000,33.74000,11.39000,2.87000,1.69500,0.78600,0.48000,1.68650
638,6,130.00000,11.87000,10.00000,4.30769,20.44345,10.19813,2.54000,1.82000,0.97231,0.48927,0.91318
639,6.42,249.32000,22.35000,13.71397,4.36524,29.43234,10.59848,2.52579,1.81389,0.99274,0.48760,1.22915
640,6.35,259.01000,23.39000,14.11499,4.34332,30.44654,10.55196,2.51258,1.81960,1.00151,0.48689,1.27478
641,5,94.00000,10.58000,15.66667,4.66667,33.97000,11.23932,2.76833,1.75000,0.96000,0.48171,1.76405
642,5,68.00000,9.10800,13.60000,4.00000,29.57000,10.60098,2.58000,1.71200,0.96000,0.47000,1.82160
643,4.5,280.00000,24.15056,11.66667,4.33333,25.81025,10.68620,2.59000,1.80833,0.92667,0.47915,1.01000
644,5.4,235.00000,20.22000,13.05556,4.38889,27.60902,10.61404,2.53667,1.81056,0.98667,0.48887,1.12352
645,8.1,226.00000,27.43000,11.30000,4.75000,24.56000,11.00000,2.76000,1.68400,0.83000,0.49000,1.37165
646,3,202.00000,22.81000,20.20000,6.00000,47.32000,15.25000,3.44000,1.66000,0.84000,0.46000,2.28126
647,3,0.00000,0.00000,0.00000,0.00000,0.00000,0.00000,0.00000,0.00000,0.00000,0.00000,0.00000
648,5,225.21900,21.55337,17.75195,4.52227,39.46166,10.85000,2.64000,1.81000,1.03504,0.47707,1.69886
649,6,129.48000,12.30000,18.44444,4.41880,41.21732,10.37842,2.50758,1.79647,1.05214,0.48392,1.75184
650,6.5,236.18000,24.57000,11.81000,4.60000,25.39000,11.10000,2.73000,1.74000,0.88744,0.48000,1.23000
651,4.5,604.00000,61.22630,13.42222,4.48889,27.87047,10.88370,2.62111,1.78133,1.00933,0.49091,1.36058
652,5,166.00000,25.98000,13.83333,4.66667,29.15941,11.85783,2.77167,1.69917,0.83417,0.49000,2.16486
653,5.5,239.20000,29.63399,23.87226,4.29541,56.47600,10.56521,2.52822,1.82413,1.07000,0.46520,2.95748
654,4.5,605.20000,61.36430,13.44291,4.49000,27.92217,10.88131,2.62000,1.78160,1.00972,0.49088,1.36305
655,4.7,2024.20000,236.46000,48.17230,2.69015,114.95185,7.14610,1.62287,2.20985,1.61584,0.43428,5.62731
656,6.5,336.00000,37.58331,10.50000,4.69000,22.81000,11.22000,2.78000,1.73000,0.82000,0.48000,1.17448
657,6,232.00000,25.82000,8.92308,4.61538,19.13678,11.12709,2.76000,1.73192,0.80077,0.48264,0.99311
658,6.5,116.00000,8.08000,14.50000,5.00000,32.39000,11.51086,2.79000,1.75000,0.90000,0.48183,1.01000
659,8.5,278.00000,26.92000,13.90000,4.65000,29.68068,10.60000,2.65000,1.72000,0.96000,0.48627,1.35000
660,4,630.20000,64.79530,13.99822,4.49000,29.44025,10.87982,2.62001,1.78205,1.01105,0.49017,1.43926
661,5,114.00000,7.42558,16.28571,4.57143,36.45807,11.12857,2.60429,1.84857,1.02286,0.47758,1.06080
662,8,70.00000,7.14333,10.00000,4.57143,20.32331,10.58431,2.61286,1.64143,0.92000,0.49392,1.02048
663,5.5,236.00000,38.55000,18.15385,4.30769,39.22654,11.58809,2.74385,1.73462,0.91077,0.48147,2.96536
664,4.5,0.00000,0.00000,0.00000,0.00000,0.00000,0.00000,0.00000,0.00000,0.00000,0.00000,0.00000
665,7,255.44000,42.89000,11.10609,4.52174,23.39592,11.49426,2.76362,1.71016,0.79026,0.48294,1.86000
666,4,62.00000,6.39000,10.33333,4.00000,22.41718,9.92000,2.38167,1.71833,0.95333,0.46753,1.06583
667,9,114.00000,12.03000,9.50000,4.66667,20.23643,11.18447,2.76583,1.73417,0.81167,0.48197,1.00244
668,6,60.00000,4.90433,10.00000,5.33333,20.32524,11.82000,2.92667,1.62000,0.81500,0.49436,0.81739
669,5.5,190.00000,26.25000,15.83333,4.33333,34.47078,11.21777,2.78000,1.71000,0.93000,0.47969,2.19000
670,6,78.00000,9.68000,15.60000,4.80000,34.72422,10.98774,2.82800,1.68000,0.84000,0.48000,1.93680
671,4.5,631.66000,62.95000,13.85523,4.43277,29.03906,10.76586,2.59315,1.80101,1.02880,0.49014,1.38084
672,6.5,215.20000,17.93032,11.94229,4.38624,24.66765,10.64681,2.53956,1.80731,0.98100,0.49005,0.99502
673,8,195.20000,22.20000,9.75025,4.74725,20.37701,11.03369,2.77287,1.68870,0.82705,0.48664,1.10889
674,7,70.00000,5.81533,10.00000,4.57143,20.09830,11.13093,2.61143,1.66286,0.92857,0.49800,0.83000
675,3,156.00000,21.58000,26.00000,4.83333,61.19102,11.49692,2.95333,1.71167,0.91167,0.47227,3.59589
676,2.5,268.00000,23.58000,33.50000,5.50000,78.84000,10.50000,2.53000,1.94000,1.24000,0.46000,2.95000
677,3,246.00000,32.93000,30.75000,4.88000,73.79000,11.25000,2.87000,1.72625,0.95000,0.47000,4.12000
678,6.5,96.00000,17.22000,13.71429,4.57143,28.85089,11.07000,2.68000,1.75429,0.90000,0.48695,2.45933
679,6.6,372.20000,34.21000,17.63981,4.74882,38.95562,11.03841,2.67550,1.79313,0.98171,0.48540,1.62125
680,4,138.00000,16.68000,27.60000,5.20000,65.56542,11.23000,2.83000,1.73800,0.91000,0.46730,3.34000
681,6,311.00000,47.23000,31.10000,4.80000,74.71871,11.20000,2.75700,1.74200,0.95600,0.46606,4.72000
682,4,364.00000,38.39000,28.00000,5.69231,65.20751,11.44769,2.84538,1.76308,0.98769,0.46248,2.95341